{"cameraMode":{"drawMode":0,"name":"Shaded","section":"Shading Mode"},"sceneLighting":false,"audioPlay":false,"sceneViewState":{"showFog":true,"showMaterialUpdate":false,"showSkybox":false,"showFlares":true,"showImageEffects":true,"showParticleSystems":true},"in2DMode":false,"pivot":{"x":-0.23320651054382325,"y":1.0317661762237549,"z":1.3487799167633057},"rotation":{"x":0.08982349187135697,"y":-0.8987256288528442,"z":0.21850259602069856,"w":0.36943283677101138},"size":0.9352137446403503,"orthographic":false}